Air_Temperature,Process_Temperature,Rotational_Speed,Torque,Tool_Wear,Machine_Failure
300.99342830602245,312.798710873172,1432.4821725025618,20.92192442122609,151,0
299.72347139765765,311.84926736582554,1485.5481329284482,31.39614989220498,50,0
301.29537707620136,310.11926073984034,1420.7580079000038,35.863944665783556,9,0
303.04605971281603,308.70612644458885,1469.203847036096,58.8768765734019,119,0
299.5316932505533,311.3964466272272,1310.6385333046214,45.56553124533758,199,0
299.5317260861016,310.7869707708435,1521.3293707372939,26.64518430900109,148,0
303.1584256310148,311.79038644005544,1500.1205475362224,44.86036289417637,247,0
301.5348694583058,311.2703436033639,1418.291136893181,24.526960110616344,69,0
299.0610512281301,312.09910543063864,1565.9245668432404,50.826910538870735,84,0
301.0851200871719,308.92952957687885,1593.7570137626558,35.28875348182122,56,0
299.07316461437506,312.63478813126864,1339.2440135631025,39.06363811260829,125,0
299.0685404928595,310.3951992093848,1423.7275221433786,53.2579664754219,38,0
300.48392454313205,314.15052174525056,1423.0857650212702,27.1283643141575,215,0
296.17343951068443,308.62162436382084,1406.0096898891136,26.028818148870087,32,0
296.55016433497394,313.4719276063305,1582.947484193175,34.16400673653995,186,0
298.8754249415181,310.3958215669253,1480.6173861227196,50.38378851019317,17,0
297.97433775933115,308.6971639927711,1473.548515868939,24.806539245231576,183,0
300.62849466519054,309.03222833189136,1299.6137635593245,11.67844401889431,219,0
298.1839518489576,309.35930538361134,1563.5418030209225,35.488411415910015,56,0
297.1753925973294,310.84833189280386,1376.0741605146527,45.5174079991092,243,0
302.93129753784314,311.045670976071,1505.9932630266328,52.00261749738829,95,0
299.54844739902694,308.85259999212286,1527.7376937958193,35.36838637914601,203,0
300.13505640937586,309.95129081547805,1636.0658595838652,35.885733928839976,47,0
297.1505036275731,314.2845407172237,1369.1179600880887,51.53900734255747,41,0
298.91123455094964,313.45508634020143,1198.0487844179174,21.302583003045793,26,0
300.22184517941974,310.8726473393481,1518.3849544753696,36.114792248169906,73,0
297.6980128451554,310.0760069563364,1680.0511181510853,41.90423889925058,109,0
300.75139603669135,310.2400626534365,1623.8946352939438,44.49218721285034,248,0
298.7987226201624,311.22703594546084,1520.9659415274625,34.901933068091175,179,0
299.41661250041346,307.95441486960317,1450.8363814367954,40.344410117058416,169,0
298.7965867755412,309.4852469251533,1580.712259663731,15.116726465870105,31,0
303.7045563690179,306.66283185224484,1402.645380029553,33.41751587666152,233,0
299.97300555052414,310.7984462452106,1547.6357769356218,44.53508712554468,25,0
297.8845781420882,311.2943918794055,1550.5470159166628,30.177059657453206,24,0
301.64508982420637,309.0336270754012,1606.020990749888,40.58984221589597,74,0
297.55831270005797,313.1479735265801,1775.966003891108,44.46872500802698,22,0
300.4177271900095,307.54846867399533,1539.2415967178767,36.57450799142235,225,0
296.0806597522404,307.07125023958037,1449.10363742925,41.70463770996571,56,0
297.34362790220314,310.44890363711994,1497.4425687808005,30.372674347153875,179,0
300.3937224717383,312.0941966052243,1323.0924095110881,37.93388720303953,231,0
301.47693315999084,313.36785538291576,1430.5286868910941,46.10216169589223,125,0
300.34273656237997,309.08223147426213,1459.0717561886895,41.569729609684344,86,0
299.76870343522353,312.1573616668626,1447.5911602065407,34.13468730436065,220,0
299.3977926088214,309.9229830609986,1515.2354872033723,42.24216404290793,30,0
297.04295601926515,309.6547454001184,1417.75800676178,47.14609790636618,63,0
298.5603115832106,311.76731987497334,1612.1030667324471,19.50058721422522,198,0
299.07872245808045,311.30464575682686,1500.0207064918197,51.59074064955898,231,0
302.11424445243784,306.8472156860315,1499.0699678861386,36.63745261318928,32,0
300.68723657913694,312.9530806994518,1467.2105283487083,44.2548993324023,212,0
296.4739196892745,312.7601827082949,1515.519068385898,51.97246923645228,1,0
300.6481679387896,308.74887459698095,1582.5098264667636,26.28326302769534,17,0
299.22983543916735,310.7916070668748,1413.28697842891,32.90558997572453,174,0
298.6461559993881,310.9880603725655,1434.1883510924742,37.11451304124295,160,0
301.22335257768174,310.5213475316478,1469.6273971223336,32.16246478875571,228,0
302.0619990449919,308.89938969230917,1365.4129076526785,57.34936575836808,225,0
301.8625602382324,308.6567532641239,1418.0742140278503,31.432279061732075,83,0
298.32156495355474,309.94889185801713,1452.377912645534,34.44453220513133,34,0
299.38157524829757,312.34545803851876,1587.4389180712728,42.04389031602977,178,0
300.6625268628071,311.08720030918886,1526.2561329001926,27.978504739239114,113,0
301.9510902542447,309.25877133582776,1519.3589911367544,36.04319288243736,245,0
299.04165152430943,311.5433974212967,1585.0897962167971,43.17453261250175,145,0
299.62868204667234,304.30291475873986,1486.2628211600604,36.67139595617489,109,0
297.78733005198796,312.2975314007442,1539.046484992889,39.06613141100052,87,0
297.60758675183865,306.5205724424438,1489.6778247067505,34.70667887551629,71,0
301.6250516447884,309.27511811719376,1526.536234939963,24.85529690819233,124,0
302.71248005714165,307.7606602107477,1441.7241342388418,43.215932113392384,29,0
299.85597975683936,307.4106370485582,1256.118284172357,57.54933071647241,171,0
302.00706579578406,312.321653574757,1486.5720837813697,40.18401630783438,52,0
300.72327205009526,309.06459759737623,1642.274813609994,42.25264117247549,137,0
298.70976049078973,310.6930077634614,1592.6215402241592,46.92722755116859,86,0
300.72279121101684,309.9061588422416,1596.5397484591172,27.306695034533007,179,0
303.0760731329319,310.95408165444627,1623.6130721806219,57.025146581296056,176,0
299.9283479217801,310.1536437821205,1508.8657590961438,42.02328796422802,138,0
303.129287311628,307.43401555162285,1519.7315707405596,56.31856899089109,193,0
294.76050979182054,311.99253363889426,1438.234810456565,32.66967004476011,185,0
301.64380500875046,309.01248683367737,1468.392714397295,58.18061922557825,217,0
300.17409413647636,306.8868362026805,1561.5771149771142,47.75155494034783,163,0
299.40198529906826,309.14376967806817,1620.3884437168817,45.530400858523585,160,0
300.183521553071,313.0015195812686,1486.0553724319,42.34024454353148,174,0
296.0248621707982,311.700443484227,1454.9810735148587,37.514713819255505,12,0
299.560656224325,309.30269573118426,1500.0527958856596,52.00531658473872,39,0
300.7142251430235,309.30148459136313,1560.1206748929114,41.40359869848047,88,0
302.955788089483,309.35672989756523,1355.6145183866458,20.329302964128477,67,0
298.9634595634527,314.15349596712167,1270.3819046862761,28.828135382929975,41,0
298.38301279421364,310.7638709044631,1444.9463150508416,38.14154247807253,146,0
298.9964859128309,310.86008329438215,1377.928757408584,43.09998983165555,209,0
301.8308042354042,312.06056690806366,1449.185980235269,39.43411511100104,228,0
300.6575022193194,310.477578318053,1485.2219681182528,52.18970789793663,93,0
298.9404795924659,309.4819157083586,1454.6751590976987,20.488981359613753,18,0
301.0265348662267,309.60730030183004,1645.2467534470745,41.435879365051605,185,0
300.19415509869606,309.8567974811719,1532.674476460232,21.820207746128453,22,0
301.93728998106576,309.9255555269803,1530.0474359610828,47.59712295484168,53,0
298.5958938122453,311.455259087274,1562.2207144043402,39.05541285557997,207,0
299.3446757068045,310.1038917716146,1386.1166882219231,44.19609972024118,64,0
299.21578369373566,311.4652801544312,1603.9111787420268,31.361170394102338,139,0
297.07297010373577,309.83856683978286,1492.423571346454,52.79464931657751,23,0
300.59224055412915,310.15727038063216,1567.0480617241212,50.417246640588516,33,0
300.5221105443598,306.0035986309358,1392.8142766959845,45.835443030118874,52,0
300.0102269132849,311.83265534940494,1344.6241233983935,38.704827531365595,248,0
299.5308257332497,310.69297695179597,1581.7889658025028,45.798572852951324,135,0
297.1692585158992,311.9960202197193,1537.6409526097516,32.93107432012651,17,0
299.1587093544693,304.2074892436126,1409.794844564249,48.55555659020712,56,0
299.31457096694646,314.17674940956147,1413.0336918725307,56.49480894323921,111,0
298.3954454615568,309.72082074368967,1612.543478441477,50.70610559979186,4,0
299.677428576668,312.21636563347505,1381.0588107132671,32.70397530192591,153,0
300.80810171362907,307.92018814574897,1664.2672953255963,43.61417317273103,157,0
303.77237180242105,311.22554781012514,1409.9379265352131,27.068584562413523,181,0
300.3491556256637,307.8931688736527,1563.8391925608382,45.723903111756755,12,0
300.51510078144554,308.7524620786084,1467.1381524251015,44.50603412862539,82,0
299.85110816846765,313.8280627077336,1560.3187431082342,21.30183660467836,28,0
296.1624575694019,309.6186351984733,1445.5885997885807,28.382161560876362,2,0
299.9469722491016,310.43486574635943,1483.7207093927707,37.16861103256233,89,0
300.1204604198821,311.7401354613775,1504.091917539572,36.991402528591735,103,0
304.9264842249706,310.9913637759452,1399.7812544218527,27.905230645811947,122,0
299.61527807043774,310.30083781028713,1574.0824345420126,43.889787293521834,185,0
300.6030946846672,310.72992200493246,1448.6786433528414,42.51473608940512,249,0
299.9305764605895,314.8068311704765,1477.140008465998,38.05730868021481,75,0
297.6626439247609,309.8847624059328,1400.5650625391488,32.44208499841637,129,0
302.28564562903006,310.40219809342994,1243.766634120469,50.487071264165635,202,0
301.50386606537353,312.10130879201523,1480.897223739983,56.55407113088295,107,0
301.5820638940861,312.211051865916,1741.2615421612916,35.16438516153463,155,0
298.1812250904105,312.37406061112074,1578.4604287898023,33.878330828451794,81,0
302.8055886218722,311.27746044405836,1498.0739620265606,44.912076654119964,76,0
297.19629787441545,307.71399017453905,1473.7109170791732,36.419706202530136,228,0
301.1737141876005,313.2668630646022,1502.2465892812047,38.60602799336766,213,0
304.38091125162,307.7073092139626,1554.711911517521,47.396531517246714,203,0
298.01892734973865,310.60527093047807,1381.9187184691154,20.906439124927072,1,0
298.86740454079444,308.4914482999613,1611.4321694668872,53.183023248526695,126,0
300.1993027301753,309.87172330681403,1571.5381315441243,40.72680524329341,228,0
298.9930486917676,310.65752482060697,1571.8185725707935,35.8850685543782,134,0
296.8986731378677,310.6427144309005,1543.8475738809727,39.10765845778551,25,0
300.137125949612,310.8438415084706,1501.961665769399,39.62429355020519,217,0
297.8753925725478,313.2274225381173,1567.286123596682,22.687986965550746,87,0
300.9471848612704,310.90706860302794,1559.1814133741377,54.94938227453236,203,0
298.16115153153237,309.5116867294187,1464.5959289058976,40.41325632270618,15,0
303.0998688100351,311.9281743365767,1442.63982271031,44.430021304473755,150,0
298.4334934153275,312.37894097784925,1510.1856295261987,49.51549770574043,167,0
299.35587696758864,307.544784369726,1654.9020151495188,29.788375424396996,187,0
301.62703443473936,311.19480013969974,1376.08929243461,44.734718990352285,72,0
297.5382713671321,311.4023454846218,1353.247473424756,37.32358909101207,31,0
300.45491986920825,309.40487299328004,1516.4760841236516,48.46770775216494,14,0
302.6142855085649,312.7514136266232,1505.0887701856018,18.727725796485046,228,0
296.78503353087757,309.6998888259349,1517.3341664370407,39.00905699758731,140,0
300.3692677170646,310.2511529069431,1524.39531979085,33.97179344216038,4,0
300.51976558849685,309.65385635143224,1477.6797745365195,44.322629506341556,202,0
301.5636457435546,310.03115809516294,1648.9863438602083,44.700441873682024,73,0
297.5260985782438,307.8074498262096,1339.9096021523485,32.92374105177974,51,0
297.35908677383145,307.1198982348114,1417.1502975219755,32.87826135823956,76,0
301.04388313123377,313.18901012644994,1489.6745239850952,38.89334631442671,168,0
300.5939693464664,308.30607730336334,1335.6811188845832,31.033577726847916,180,0
300.50098570069173,308.0172153010874,1482.414559556793,48.41983695452127,109,0
300.69289641899394,305.6932197727926,1666.147016572802,36.30792799552554,177,0
298.639950556843,308.722076504621,1502.0886488295962,10.930117806783585,142,0
300.464507394322,307.353820413185,1523.0700905718684,36.25177943378194,105,0
300.58614494659736,313.28403032027273,1373.983523482742,29.614561791560277,247,0
298.5712971639473,312.0196341786853,1438.3638591960523,23.687241845390545,126,0
303.7315490222895,308.62369930964456,1462.4803619676063,27.625733617774273,6,0
300.94766584182355,314.5048716106886,1468.2284903243767,41.094084718329704,39,0
297.6173930055947,311.9635309739832,1628.164379500377,53.28640828248231,155,0
301.31310721726766,309.3503372329828,1555.7691060725124,43.131844738649804,159,0
298.0506366595454,305.00118857025285,1388.8542043062969,33.934966117842606,98,0
301.5741692074849,314.5818851451815,1524.6504778432004,44.55904195170703,142,0
302.3171911580148,307.22085506647284,1549.8221748496785,35.40909689781008,239,0
298.35863536329657,306.7092025060862,1614.0149038521267,33.05399630836855,227,0
301.92675225848865,312.0451408640193,1658.0540686568374,28.456373317670156,84,0
300.825561853873,314.87950481267853,1398.4905808172132,22.48171193248281,197,0
301.644120319989,312.768545637021,1418.9142488789662,36.100762934405545,64,0
303.7935859653079,311.1278182401047,1374.2422141085383,41.58053489920132,131,0
299.5092237679943,311.1895086833306,1476.5980140893018,39.0337632998511,10,0
298.492527671285,311.7068311175606,1546.6358374446334,35.84033072052641,107,0
298.22097114074893,311.5178571795735,1598.73345165891,30.54253939303219,25,0
298.3683794300691,310.56238284793875,1492.4048976357478,46.08246191684969,188,0
299.8457965811718,310.20840220790376,1468.0152476745156,26.82868080053415,164,0
300.6823039496333,309.87481374420094,1515.175799224874,47.760279138434754,150,0
300.55338159866005,308.49207082226667,1416.4857098369978,29.97782981073275,220,0
301.654366498072,309.43864984626646,1708.9538721694773,32.47564762646965,84,0
300.0260037837558,306.61408637160923,1339.2338972881942,25.33214809384323,239,0
302.90706815431463,309.8033207464105,1518.4740578895724,34.98597853114363,236,0
299.4706863335241,308.0228177856982,1702.360621922964,49.75312458477979,236,0
305.4403383331792,307.79282136556844,1500.6799844559998,45.15628088443957,240,0
301.25133469553003,310.359788302307,1480.9960964998506,49.78422112028035,218,0
298.28568488716746,312.7840045726892,1464.2554577189574,45.22142545933936,230,0
297.8582150038778,311.83663321200464,1481.9608318237592,28.963301714696307,167,0
300.9649448304864,306.85899879275365,1637.284847467653,36.692107756724425,204,0
299.55307442934827,308.02074372685934,1278.8138088670494,32.19800870882537,150,0
301.4280009881842,311.88154237597644,1653.3433701296326,53.3057490403904,122,0
300.9464752491471,308.03502521292336,1357.6042847549854,28.032113535736883,143,0
299.8543421746863,309.55073370000594,1473.3347670765586,48.93697689389111,221,0
298.3064125638632,311.1001041980491,1457.0755579701338,48.929538701087694,188,0
296.97030555062827,308.06331109027275,1558.855326977072,58.29620201716087,67,0
299.10697009586596,310.2107510122919,1340.1875648116252,35.903134073705026,103,0
301.71279758864694,307.3319490101636,1546.2172666081942,47.123221595801624,79,0
300.4281874882604,308.79726471209756,1702.4309623286852,62.816518365388426,158,0
297.508522442576,310.63956386828505,1363.682599540719,33.82358323066303,52,0
300.34636185170234,306.81401253293666,1518.9706167610395,24.649597524676402,105,0
300.77063475945766,310.8809494759208,1433.8017822203392,21.199899660922362,152,0
298.2322851275977,309.96072440214664,1542.5887206193036,47.12712028861331,43,0
300.3074502118911,311.1049799088343,1501.914777741575,21.16849791941416,139,0
300.116417436892,310.44782826812934,1435.851309095569,36.27680947062077,89,0
297.71405940433874,312.7282808599477,1548.7872284871073,44.37313187038961,100,0
300.71557472069657,310.2504490052958,1680.4348109786742,41.85175536829914,239,0
301.12156905273645,309.1411889177495,1480.9096208272701,44.25444864184172,96,0
302.16610248635055,310.24459500606457,1571.9757942148183,42.22289855800854,219,0
302.1076041040698,311.08659605807276,1370.6727042128837,52.788658133133936,8,0
297.24466126408583,310.0977201406514,1404.3563623181992,30.47683619261203,11,0
298.1243499201698,310.08118338240774,1547.2406277880377,33.23004861541469,68,0
301.0300705344173,308.5960166243865,1648.4116028535964,32.27340554729176,181,0
301.02757190182444,308.6741981648981,1535.561334878566,48.301918118626105,243,0
301.0300953726121,307.1947894564006,1468.6941969476845,49.003985883950634,181,0
307.70546298130944,313.49915348637387,1499.9291405423355,44.51225319318508,27,0
301.14178102138635,307.51227352921745,1374.9592266030284,51.834936668899275,55,0
302.2711312803612,308.6141896044082,1560.4515326355368,28.21959132623619,98,0
301.9080035269864,308.5631854688616,1588.233306232341,56.67224111551137,196,0
301.3027825026116,311.78984875388886,1454.7909667166919,55.23238621712258,225,0
299.3694615107193,309.41010064341594,1452.9957852240498,47.35621997245747,109,0
301.51793844098654,312.49548414534746,1526.5878229652049,57.8179890877106,225,0
298.4543495709249,308.65301875151226,1456.3280263959405,23.433767923222263,76,0
299.52636278652,310.5579883244476,1493.3867385374178,34.755518637373484,102,0
299.0292729043418,308.32930589348047,1709.9721789166515,32.64696539318048,105,0
300.16374827877263,314.29029825554676,1475.2974299254004,47.21479323757343,108,0
304.629317133347,307.624803161941,1464.1659847978779,29.498592603978544,111,0
296.2654696148165,310.61964142045406,1435.245819436484,47.574951493374854,57,0
301.37252038074905,311.2675537618642,1574.4191971499936,53.705361439967135,77,0
296.7745682576207,310.827598194903,1481.8775826781898,46.95202900083999,74,0
299.05613626842114,309.6294246822446,1435.0626961678574,42.83751023661501,41,0
302.17790119393476,309.74035860053317,1632.1304032273013,30.12126659099251,165,0
300.1285600381909,310.0876229439582,1641.9603004513638,31.53149033874635,67,0
297.8445104441414,309.705995996743,1439.9576434261294,52.49618905296667,180,0
298.5693925814801,311.9277582335898,1313.3460048639383,47.793490039053324,32,0
301.35919549786934,314.4210460031827,1600.7513689836921,39.60980480622456,70,0
298.5392667365657,308.8850164299843,1431.5370174239997,35.8209045423411,55,0
300.43291717916395,307.26039404084185,1579.0625599162768,19.74192126888623,104,0
300.0911436798076,309.8234359032975,1302.9896182288164,29.291475813155614,199,0
298.6967993047884,315.15941867530864,1589.2597338299308,59.114190871397234,100,1
304.28788817865063,308.39265086406056,1378.882807071922,27.195444289975335,50,0
301.26783804463605,313.27823361088815,1573.0764119066525,41.89479821221081,73,0
295.9497148266848,313.3554016281529,1501.4273067836434,50.07443973195198,170,0
300.37290862953887,308.89282351658403,1404.6060580603355,27.450773319977074,120,0
298.6764270704632,311.13796615837055,1459.296368707322,41.84710474781083,142,0
301.70486666959243,313.2567932462571,1568.63184569567,49.37915537510655,165,0
298.4149585231346,309.24174451802503,1510.5894453115234,40.1249932190725,142,0
299.7705271170662,309.59283927979527,1558.4412980472484,68.68403055666768,4,0
301.0099745579609,308.8366381721027,1697.6440584515485,23.314007411218046,220,0
301.73151038834027,307.97048653861424,1343.5758388288948,50.58728529883879,82,0
297.5994071858884,308.701444909868,1661.7212574968623,38.27198262603535,181,0
299.3309975283181,307.55211946647546,1510.4355937523212,47.719201548366755,50,0
299.0501093776781,310.0681669365185,1410.1215951676872,44.41307151699246,9,0
298.69334153485255,308.46005353788274,1366.968637426101,32.668438028900034,139,0
303.5309084805622,310.4675718235815,1481.0879609222966,42.2899639245934,245,0
300.8099634219219,306.88820870759275,1592.165011192446,21.420985486017127,3,0
297.4782320913299,310.66176046442894,1487.2450879622465,46.032475005713934,94,0
301.83572389410955,311.66705792321784,1651.1154930247349,42.98158465990526,145,0
304.24431239402526,306.01252871485707,1354.882430994844,46.38660168643102,79,0
302.06493052110227,310.74811313969514,1498.7911052153945,50.581183250871504,231,0
296.961260068092,312.4553379849466,1374.760655558688,43.67619840209711,35,0
299.0315318542675,307.5807179626176,1536.3631882624968,41.480894197982764,24,0
302.53382229837325,313.34514477367543,1588.68873900973,31.18931663338708,214,0
298.58466106876244,310.8380380187321,1457.9238206318946,32.87779236350949,203,0
300.8876388562925,308.5899762884832,1239.5786143372866,51.86734620177331,97,0
301.5492681068587,309.88846184468457,1519.8948146796495,54.36335405705979,163,0
298.1461390568438,311.11665382504344,1543.673855173351,37.61889563687946,100,0
299.8809492878764,310.15201078282485,1540.4294754961697,40.460027472532744,194,0
293.51746531986186,311.07751198489274,1623.5782191822154,30.953856250062337,8,0
297.9512247173314,308.1586528138413,1392.8946320350951,51.72756845267445,60,0
299.4948636972137,310.3387216480722,1568.021610545045,46.65416823691778,52,0
297.5044336360703,307.17257100619,1619.2507512477976,59.412174364637494,145,0
303.26482260786327,309.7775478773026,1322.1412415993484,31.21676922820261,170,0
297.1397172440787,308.1921847170704,1531.9651825918977,36.21992100981783,162,0
299.119911026606,308.52894011482044,1449.582016899233,42.314459225255725,62,0
300.2614811545722,312.4721863504209,1491.8477326898353,46.464895377257704,120,0
302.88254657813224,312.18262024118854,1534.7676483538337,37.84332362452368,246,0
297.12827569764113,311.21827624181435,1451.2771435886448,31.270389095462995,225,0
302.3263275043099,307.81537447065483,1432.4291920838389,48.81407528923571,104,0
300.0204661220392,309.3671831006104,1503.4152417488024,47.211353625455814,205,0
298.0369826979041,312.4261953999584,1391.2754061137198,30.83725899436275,3,0
300.92420694852655,310.2834338272798,1391.4174871114815,53.55442801105496,92,0
300.39811939114696,314.63865907996336,1567.9373282956503,51.70198709196604,168,0
298.7995662456824,310.78663567878874,1385.1205964841345,41.34296497247793,172,0
300.13960416998003,310.3840982329801,1566.6312500909212,40.79597862376036,177,0
299.2293728062765,309.381767071595,1546.2591292853951,45.540577711159074,206,0
300.2270346905025,310.26708180956456,1327.4193271209404,31.38296929743742,27,0
301.3242613490421,309.69506032723893,1432.2435347664345,40.30031479164082,169,0
303.1720336322907,311.4162173533772,1619.4109403047373,18.4761645539082,79,0
297.5243690023463,311.91340463358915,1401.8834468860318,48.76455645502936,75,0
304.26606674931253,308.4280210789841,1453.5595737690612,24.385067775581405,115,0
296.095824400955,307.3375340928844,1546.2060893251896,55.03419828428999,68,0
299.6964298099288,306.3275892537934,1578.3390509282594,36.698799060335496,97,0
301.1766344129692,311.01598265382506,1474.8461113955505,37.88333018068823,233,0
300.56198373547005,307.79326678765227,1440.2489805308358,33.72266093915494,0,0
298.7546009603588,305.69421881409505,1642.2369861698508,37.11961126077924,166,0
299.5837554992855,310.77715720906195,1673.8899663797579,54.18531345148037,95,0
299.01399813068235,314.9859990348656,1597.8858050781796,15.121913434649205,217,0
298.8212704861116,309.9878581769202,1508.5318142565025,52.769653860881874,16,0
301.69920419404207,311.67698154890326,1419.1734278359074,43.38023481101708,111,0
300.7140309719301,310.16365871709513,1416.9555593443436,27.929783521427844,90,0
298.6141808094787,309.8022206936177,1552.2514105265757,29.24687606950762,87,0
301.7991997508665,311.83815296597555,1541.8398220888685,56.763930272082035,162,0
300.6145990417532,309.4194509116227,1640.159859294643,30.544931200572687,173,0
301.6257242376779,310.5347846281438,1565.045009253614,28.466494894040405,169,0
301.25925768384724,310.64339561239206,1349.691969824018,51.373145423647294,245,0
298.34200997815583,308.6638190927139,1605.194761772292,43.385528762859146,166,0
298.87963791960607,311.98408469907304,1400.1939372685588,30.620744234636014,89,0
301.49458721024655,309.65008048660917,1461.602872804765,42.16624975404619,48,0
301.2207405308669,308.4885096810143,1525.0200206251695,29.742473163597225,189,0
299.9581968120717,311.0730196871408,1699.5667489783964,51.00821398422605,37,0
300.23465476661755,308.2030640364179,1810.9918556005362,50.61370964873134,150,0
302.55532979157687,310.05636231473824,1560.6723059136182,45.32006198821943,149,0
298.81685722232834,309.9817620067116,1481.6803381279612,43.61661061247017,131,0
301.09419476234007,312.17179113166316,1553.450564848055,57.61188124867374,176,0
299.5956146951322,310.9493964657599,1588.7655425873836,39.996863273882255,58,0
299.56463759354557,309.9499460825097,1467.9332374442808,28.181258745791986,200,0
302.1975537039744,311.6355325984006,1679.5211355912322,44.49473912832307,67,0
301.65083269797606,312.7804150980346,1523.00707591914,60.86047049537114,198,0
301.6270192720013,311.1156206127037,1549.7743089091393,29.85240506814148,214,0
302.61095761430863,310.0207052396868,1566.592425205446,36.38537233306014,129,0
300.0420076832655,307.3763275352997,1542.1586610614456,44.16446038101453,48,0
301.36390594258995,307.86977267384924,1583.8940500469612,39.46095150994261,215,0
299.3794664868131,309.3895505912907,1438.2746813453077,30.176964196226855,231,0
300.6483327049769,308.7809755956814,1444.169824605397,51.21857856230471,246,0
299.7397138912646,309.6260573940291,1389.9845767028305,63.20040722017259,125,0
300.19399192998543,310.1132998497942,1543.9501230620226,41.96131459023907,222,0
301.19031405087384,311.0593855087135,1577.8936503512114,30.959317102639996,238,0
298.36355863353305,309.8590024438818,1545.7772866151886,24.51039474946525,158,0
304.18477455137094,310.97300328765243,1667.4492433347536,42.57975981221181,110,0
297.9879652370006,310.12894882962024,1499.4403981170954,51.038773433162575,167,0
297.57162277442455,306.04906686729225,1566.8741655592512,44.751677464953815,47,0
302.31622174700016,308.12132921236247,1390.8299123860686,39.97596159081146,50,0
301.58332538792587,309.71182488855675,1461.2900297525598,34.107283482106936,42,0
301.2482396341043,307.5806105143178,1569.5537757565778,29.0783636728191,97,0
301.25669101852856,311.1998574599924,1584.9102110743145,48.34751326324882,182,0
299.9755064543062,313.0615016646874,1470.6033052335818,49.13771621385585,215,0
298.2054912570283,312.4375237033946,1492.8400748141933,24.542702133092668,176,0
300.1516091163875,309.5731142581396,1348.212625331919,55.89838978180684,123,0
298.6456765769758,312.9814522736999,1464.297079919339,45.74071220894001,217,0
301.9502394668355,310.29733491440425,1589.0383163519787,53.99594645145793,79,0
299.7058852369957,309.32582805776394,1557.5205016106565,26.578722515148847,184,0
298.34900560641495,308.7731946729181,1550.066572138121,26.341758445845613,110,0
299.35722831669403,309.3950606270237,1504.977368718096,38.51030690232703,204,0
300.82586290855124,309.2236463629175,1500.7063158628177,45.02784426895194,142,0
298.8725508943921,310.34083244475096,1433.9678860526553,57.96360822926964,26,0
298.35555920886713,310.3211479620997,1569.8828420202535,47.060789138151314,195,0
300.4873744229838,310.00609204030684,1542.097294438939,37.573187231879665,207,0
300.48993314221747,310.8738763394927,1549.20188479928,29.73630792334108,191,0
298.98611364925773,312.38129254957266,1447.396515733242,52.300005727191504,221,0
299.05792338876336,311.89910827088266,1284.6657080128755,30.35294574249285,235,0
300.46409987471526,307.0302040631002,1609.7152711753695,56.284685547723214,157,0
297.10383131700536,304.8921577301961,1452.1162543991595,37.15615350393491,163,0
297.18507245124687,311.86863982247854,1413.722423595688,55.905820726178504,194,0
298.5631115574951,307.26624260316913,1569.3478911913994,46.78931290059278,213,0
299.5731056965763,309.55046919621464,1460.798736008087,38.63004510557542,112,0
300.621815131196,307.65977394788126,1605.993638404662,34.806036281738734,85,0
302.9507124338991,306.39603912483994,1561.7005949576696,36.5909212265392,113,0
301.715319246404,311.08292545640955,1568.3569323200477,44.283166923752376,248,0
299.68012294007315,311.5183103206053,1363.4044288799466,40.771564962177166,241,0
299.9619675841946,308.84697919854653,1621.1943985386401,34.06188591931295,246,0
297.9949412707244,304.81791541571016,1526.1250531233857,38.34368589682368,123,0
299.96297372801524,308.90751110349504,1463.0722860753797,40.7857702971915,48,0
299.4226827221597,310.7836080108051,1514.3388467342252,18.71265905585188,75,0
300.6454371206762,307.04217686245175,1322.376476710168,44.58168114788699,54,0
298.3455381128953,310.3667198395583,1540.865281148067,30.20278775283193,212,0
301.0386930284823,309.969380301654,1397.062849181793,28.46667596794255,55,0
303.0654778260052,311.15858299920217,1364.7329714156465,23.1265565288929,195,0
299.78247970308627,310.2391607368283,1347.764081378211,22.0610750213211,94,0
300.8034234441979,308.0538621182369,1611.2688374989925,26.44552496887711,43,0
301.38028798342225,312.393143003329,1437.0736606307212,32.9097904236951,158,0
299.19755905622833,309.68294085394604,1653.37277099165,59.53259137526568,185,0
300.44818496362086,309.9453909209801,1446.4198536947702,34.74120324104796,86,0
300.02518480156357,308.1334640818536,1329.2642042407053,41.777501062680315,245,0
300.1953521970977,309.113435497617,1388.347556005134,44.004813865063284,180,0
298.4539804322891,308.2303945719462,1623.581162000694,41.31065186215849,83,0
300.0490203485179,309.65410788015316,1484.4101822063333,39.225565392740066,206,0
300.9959965824909,313.42341696028467,1445.17127035094,28.04706236400755,150,0
302.9022872155901,307.2561977141373,1516.0018225852787,54.50927548279212,155,0
301.9185416521704,306.7728772042465,1550.1782736167545,58.07196643637885,15,0
304.3063649150231,312.9423406549872,1611.7398815902461,23.173413058773143,164,0
298.4653048742239,309.58135264569626,1644.8499229892927,29.759714091136203,148,0
301.74464127344135,308.6618545226802,1464.0231354210914,37.20189657622994,206,0
300.3666840114767,312.07980937479215,1367.3952313917962,30.354622050898087,144,0
304.3796058664353,308.78876892052625,1458.6534838876723,45.05965553455865,241,0
298.3834034292897,313.6520194270939,1526.0280506582885,32.71727797593387,36,0
298.32055631563844,311.3558517426785,1403.624107378939,61.65056067806603,76,0
298.80121470911195,309.0241771837086,1404.2849085104958,51.90548594343596,146,0
295.75220855138036,314.314616426531,1534.3787881549886,42.12574030632215,157,0
298.94848995663847,308.7885701539933,1495.1347648429548,50.26986263319732,44,0
298.4817346768926,311.48419074401863,1503.2796995411586,51.059004243573085,145,0
300.3007875729524,310.598585160813,1424.150466529993,34.36052511941757,205,0
300.6835119515543,312.6034825787976,1476.9599285794234,31.83782755458035,61,0
303.7523416784318,313.1230223934537,1407.5766855731695,40.78143062969647,163,0
301.9008476763721,310.0640082981315,1589.0198411124786,48.616361244979444,99,0
298.8461926886752,308.4931642593076,1603.5249334723753,41.390603986534174,211,0
298.2031706573033,310.9199442858782,1315.3812137761906,24.230035178090027,51,0
300.983838343013,308.6445692604958,1407.048913980759,31.971755560491577,18,0
297.35953358595873,314.02677449505325,1350.347074490992,39.26027136405622,108,0
303.66291753170873,310.2730706621655,1434.9976065593103,39.2433439567417,43,0
302.3588802414426,309.26935689737576,1491.6562030209639,59.725421767898084,6,0
299.0616486957906,310.3693606117298,1355.035478030147,26.14012057601002,248,0
296.57373094181827,307.30574742094063,1407.8140186874687,45.055892418358745,171,0
302.7077447483308,308.05677192297867,1399.60426279185,54.8911310832829,116,0
299.7709203094948,312.4008278158889,1520.7267329398944,62.71449745422796,67,0
302.4756326239469,308.6862114420572,1506.934433703625,35.95602576816039,33,0
296.8111446824113,307.9061780346361,1427.8262446662748,44.914294527201996,193,0
298.80124995409244,311.0733055050546,1517.68208721394,45.69760357198647,68,0
300.0104873994364,312.371408309326,1445.3319915412735,41.95481731553291,54,0
300.0939611875295,311.4379066213301,1472.8344889673947,39.01154798760694,9,0
299.09986905704153,311.99209537161164,1667.3452090298538,44.35975389500046,223,0
301.245699864695,308.4864098228611,1634.0461051790348,14.677539147803145,41,0
297.8647591412348,307.15637866651633,1370.0418763072403,46.820694900626314,40,0
299.71524102995744,313.002667303911,1582.9732417879175,41.26177903661967,204,0
300.2405912634238,309.35464032231573,1581.1396554491591,37.77525103221735,230,0
301.0288776681175,309.4983339670899,1385.1736711247381,60.46862195719558,196,0
301.42322975617776,312.6563882836981,1581.877764375486,33.250659812094476,121,0
297.75071581632426,311.1124600188013,1653.7931918412553,35.96924010934969,137,0
296.93177165852876,310.9117755441632,1387.7455193755586,59.91553302204734,9,0
302.555353643797,314.3300046898022,1408.2497178985736,31.679386951501435,101,0
300.6646280239592,308.7129635392397,1601.7661466843501,34.49884717063461,218,0
298.5030269268869,311.8556802561625,1527.1495310825649,38.5297457656915,187,0
303.10230395104503,310.11402624979416,1555.1476275239522,48.407344821295496,127,0
300.23134926858575,310.5371845577265,1534.0589216400497,42.078025073533134,178,0
302.3585943681276,313.05693685282506,1539.0695920928144,27.073746528477372,148,0
300.1350369628202,311.0156715125793,1367.3527871688916,34.6783143687281,135,0
304.12149584976396,311.0765921580993,1604.7317706621448,33.92645566787789,192,0
303.51068168488644,312.14501467461963,1616.9589992427773,39.22778954776955,91,0
299.50207170304185,309.2700945409142,1477.0609255931972,44.25843658629829,112,0
301.9431419019087,308.32158066532196,1495.6523050186138,44.18205755887972,230,0
301.2907518991703,307.9103816119579,1346.8892497444278,22.23988245951598,77,0
302.7372631150647,306.067286821248,1551.4254756017835,50.639409875608564,84,0
298.0701530788398,314.11241425988067,1557.2057441714144,42.52568845996623,29,0
301.3721029199969,307.79358326855663,1493.7808983000689,53.84532047593906,212,0
302.1168489736992,309.55749275282847,1612.4353359870502,44.44198327290672,48,0
296.4825210271538,309.44637340022217,1466.592276902006,51.01322957735762,8,0
297.6334829746684,310.6148133956182,1556.46059258936,44.66545311450127,144,0
295.9215356444798,311.6314744250786,1398.0335661307884,53.46225756202748,68,0
299.46118633111087,311.7209469767195,1497.6447849125761,45.22250636017779,57,0
301.4350845115919,308.8338451228621,1482.5645742097165,39.02084753557096,184,0
303.00471410419203,309.6657565724272,1522.5307922040943,62.72434720446881,61,0
300.14818956083957,310.5651599009766,1463.0473071166641,48.89037122279892,222,0
303.25723109114256,309.5026177476329,1486.8527404328331,45.73744421004413,51,0
297.23979708357024,313.21469115203996,1582.6047171441505,27.23695583461664,188,0
296.5932351212897,310.98194990327653,1456.3235762761783,27.116923825364623,39,0
299.88890460220676,311.46975557209964,1339.342289926132,42.92715482141853,165,0
300.7681308978786,311.3257625373348,1674.958390420542,41.45521197768241,170,0
299.9346105038118,312.34694771497067,1638.1454078690485,33.858774349916835,62,0
295.86511579992026,310.36204311740744,1370.773730489438,41.4098269961206,146,0
299.82175992097444,307.4063361040883,1568.9707805245193,55.886269280435954,227,0
297.39106099899027,310.7993759035053,1449.7025229448657,46.954024745502984,49,0
301.3393450976601,308.6972862124163,1526.3487215331058,28.589914902472618,160,0
300.7331964921937,308.9427666365005,1529.4224129013494,38.884911728570565,140,0
298.12024042734527,311.1727280375102,1476.5592199683679,31.95033519147439,77,0
298.97226616532663,312.4765661428673,1421.6234334413602,36.12300083591439,247,0
297.8815729562221,310.04254315347214,1430.945894768374,35.86384334370357,96,0
299.8746418054537,310.61766602519793,1408.3808084518757,35.22354417395995,189,0
301.9102846410025,313.4044298892705,1416.8177791769556,27.44864628026605,220,0
298.0285479073289,310.48150635897713,1493.2821709950645,38.7234531848181,42,0
301.0080930310357,315.2033662283608,1428.4240010889248,34.3939236315269,176,1
298.9394847632551,311.1310192912631,1568.205206571262,10.70551309997732,35,0
298.41425433547533,306.47847448168835,1648.7246155335927,60.529720245016634,121,0
299.7859392800909,311.5066832422091,1441.9946758629958,50.88769654216672,107,0
297.92951535516124,310.76231676976556,1523.9404500535377,36.23699275075004,9,0
298.8927013893056,312.5795055081655,1549.9685110302935,40.188190497405984,94,0
297.6042442148223,311.3463627025399,1547.2002270919274,28.28345652682438,5,0
303.92945026583277,309.7230880320325,1507.5955267916088,56.95722877810866,56,0
300.07052710394345,307.55140352742126,1574.2682418359723,58.97288694773111,128,0
298.60054898401484,309.58195348542796,1548.2248952680657,41.56693728246525,70,0
300.42795982146845,308.2989590915814,1376.2337577672702,50.235306441853446,185,0
299.77534390061834,308.83895310039054,1586.9156064389274,41.75286778933924,218,0
299.55806080093356,311.17715680884123,1588.7290837266742,26.632745611240694,20,0
301.22833340008685,313.3398090087028,1423.6713895821417,35.881766310363425,91,0
301.5150154200946,310.78934305964594,1503.7937835447601,41.31927966771957,126,0
298.93899770477896,307.6082338759296,1568.3328992811068,35.45452281256556,79,0
298.84836351871064,310.8892053364403,1479.068618042064,37.81346722564964,55,0
299.4498966056967,312.3932629732913,1607.2978047766012,39.08600442490886,237,0
295.39615767052885,308.7804341913612,1736.387249461936,39.191215021345386,214,0
296.9696178756029,309.73196566665416,1421.4013967365017,40.522584904974835,115,0
302.73374853488906,310.0293763894584,1361.8955396846225,29.39394933603399,147,0
303.28993542700255,308.4302033738355,1530.3818595604876,32.82983850872064,229,0
299.5019279208872,311.29656086768773,1572.1562505126144,27.154157343000307,181,0
301.15311392611153,309.7581037027844,1476.913362615523,49.778155496862006,24,0
300.62250030908706,310.83906488781406,1645.3260663321034,18.943530581596754,155,0
306.1577616169105,308.2250156443958,1366.1394200276752,51.53590343316925,4,0
302.23914982286914,309.1250833993532,1569.291862303161,53.86349397262843,119,0
299.7441648170385,311.44476271565554,1439.4139179241106,36.97819413017378,20,0
298.08891911879914,309.25433369581646,1671.9377906207296,13.968629121727012,17,0
296.7871073594849,313.4539277024668,1699.251535316812,36.38689438032709,174,0
300.40692727173445,309.2007276287708,1423.3343412216652,39.35815838711181,197,0
298.4872985094314,310.4493694515038,1445.044286409142,29.894017800710866,56,0
297.15549258080466,311.86518166374617,1585.9587886979803,34.84781606191757,92,0
298.70685423151497,307.1632685341339,1461.2869350210485,55.30195198863351,18,0
297.8369039927712,306.47838237603844,1495.4588782067763,46.64927162301741,127,0
303.37428327014516,306.94868737085983,1502.538842054241,30.754358856219,96,0
301.7632795138989,312.52516820685435,1308.0326843802343,24.02400830404568,192,0
299.98405471736675,308.8962837082151,1498.6162253905763,36.729826823902286,236,0
302.95988827778007,315.1163985713365,1431.0272225935826,37.86543220649562,130,1
300.15473661529523,308.8715048026852,1450.687717760023,44.96199187363317,169,0
298.2774315973435,310.36910260639405,1644.3632003468815,34.64683287432341,20,0
303.04624815453934,313.08421990513574,1374.3493105720743,45.114995753618615,226,0
301.07782008736933,314.01218577631823,1581.3205186747978,59.35154040060229,232,0
297.9255076913471,314.1230071532728,1472.1037069668191,48.15501022444263,39,0
299.6193226438328,312.41673246118626,1472.0239831504166,39.519114926692275,66,0
298.2487634932305,312.04812505162295,1579.037189605171,38.16849528946705,152,0
297.2344005380713,311.1850538984024,1534.005129456889,36.433268658201285,126,0
301.8523550950633,311.5567221523333,1557.061299721953,51.806409124521444,236,0
303.8188332809403,308.8976285673429,1596.818466053286,33.72686554048697,229,0
297.2028648523617,308.3636022331554,1466.8691616816677,40.45222708999982,236,0
301.12593847338115,309.9932510851781,1438.776326549225,40.511979018810855,54,0
298.69871486175634,309.6596307549501,1391.4849473442202,34.98215807188468,211,0
299.0257492324706,309.09354390134547,1417.4589470021044,26.275344521158992,179,0
298.81521215152225,311.39277489491343,1794.9094425308726,43.22974503617668,171,0
298.27201846064037,311.910610417141,1624.4679580736786,39.389960281446164,108,0
300.0970432558897,310.17681377258367,1364.8925633791978,45.0024046943657,97,0
298.33809976717794,312.9550601621105,1367.754204325643,34.66399693560833,212,0
300.54091365155966,307.716621771733,1548.1866061718492,52.20821298813048,183,0
299.8995237811017,309.61268108144054,1554.7264797377966,31.232262187881553,182,0
299.5221039062672,308.5663553587944,1554.8883835317365,57.120402840178926,111,0
298.1848726759168,306.2669267658539,1474.5044206446303,22.523634901717383,214,0
298.84645733886333,309.8346386283146,1487.45457399971,44.347700645568914,197,0
301.5107824516515,309.7565049832334,1532.7879524159357,44.754306825266234,114,0
301.00183437524873,313.02689948648424,1508.5893006293331,32.04442932059118,116,0
298.0448895104029,311.26162336910954,1278.0699627252466,44.24393937861012,204,0
300.19866461085843,307.9516263513416,1477.0200369424806,52.795186697601586,240,0
301.50277424674357,313.7081851326684,1414.8593565739686,17.831811606459354,86,0
296.66118943775723,312.4420673910507,1517.5211418908511,45.02744807490814,200,0
301.0867203847599,311.1641954069372,1798.5259002603411,15.067291796699223,80,0
298.6747524821083,309.54703180230035,1536.7481665474304,30.34335196476792,65,0
301.1411973371863,308.08112152655303,1468.6470313827601,56.29166364900945,18,0
298.47348168691497,309.2555864478579,1592.1801501977252,34.18217966607946,210,0
296.390235798671,312.17749723940835,1548.2687887209213,28.261200355910276,247,0
296.74491512423367,313.76917261186924,1542.009449045184,38.020622710153184,134,0
300.0961698933228,313.0864870565444,1560.685059321567,60.67906338163552,117,0
300.51944500344297,309.02230115642743,1705.6543564829542,21.68317752793974,190,0
298.1913667497912,307.76076513342196,1386.9111564674085,29.486900883606555,41,0
301.27718491755473,310.2817724938224,1547.3632076811455,54.974316831796266,41,0
296.6769598754621,306.4631212688743,1407.361887001846,58.57702343537733,58,0
299.8678404027054,310.6463354283696,1555.551264634225,38.96568775709716,19,0
297.57796760047506,309.7047948274027,1408.1313488513906,27.609472974733578,72,0
298.6963277843957,309.0679269962635,1458.2633186394917,60.95843501809159,16,0
300.09479734263283,306.8105938654664,1470.4910085762094,55.94442391749197,26,0
298.2791732694321,311.02720021313945,1597.581671934471,46.78946987762233,174,0
299.2308889115404,308.9345983206762,1591.8454443942414,31.875976510625797,1,0
302.0125856184289,307.6601663285794,1375.4282623553615,39.50970659161963,62,0
298.8462162609537,304.2554755734367,1505.4934110999848,38.396399189551694,61,0
301.6713842241303,309.94497018989875,1429.0420145250828,43.30851304615578,99,0
297.74058629068475,313.5445031933395,1374.1495089324665,54.51001438131336,18,0
301.05960835583056,313.32251842909574,1478.298294957563,48.79417041137403,16,0
302.8831372413158,309.08580748682743,1469.151721154418,29.226239230152416,68,0
295.0567109997454,308.79557587927644,1742.6716486345522,53.764964500195376,166,0
298.40620948905905,310.93754851215004,1543.2959825360697,43.131321400131554,209,0
301.1541442543611,308.0032291216234,1362.2382499245764,46.87065795858916,116,0
299.593909227914,310.60358379963895,1443.5225995829057,54.66540859278603,245,0
300.74229174674264,311.5321605567694,1602.1383295429398,28.88419750486449,198,0
298.79202962656836,312.45386644776863,1708.8442772869926,39.64174421293537,80,0
300.1731795749458,309.7996918470401,1341.4016687762041,34.68545448640785,38,0
299.6886455292158,309.5926524996461,1312.0075614860955,24.32140574634544,35,0
302.3355641233196,308.2440348264869,1687.0965175371782,43.467099776049196,167,0
300.5088416866024,308.34623929192026,1538.9614177370904,65.11556551584424,172,0
300.6752053241504,309.5470422161969,1413.1707268123635,21.59922255494247,131,0
299.1762460677551,310.73473101363237,1553.4629086122436,39.6771938895053,229,0
299.024787551855,311.8271692524665,1236.4252260983121,46.40542935074774,152,0
299.1348836243608,308.3936420986393,1500.337550659716,41.23078201656181,196,0
300.7889042847566,312.98537713791904,1532.7821172843085,38.86871947484259,157,0
299.15803103835947,309.45775279791485,1592.427013953783,27.007836365541756,203,0
300.5795497137928,309.9572654113031,1398.6104047707463,42.327867429401635,195,0
304.15080159729087,308.50557664170435,1508.568716140336,32.43236022984074,215,0
301.7422494068634,305.1515194794541,1407.4575373940413,18.100782950214466,28,0
299.3479529356643,311.7680907927221,1525.5383755674318,51.94592220513731,200,0
302.4024278443279,311.47368779418485,1410.4653677636975,49.58385819842042,195,0
299.1838492539569,309.4373448857636,1459.189916083978,40.5166097685108,50,0
295.9237509296443,310.13398143444977,1400.418460520977,42.29074688205703,151,0
297.9838273781652,311.0318784354082,1565.1136241823656,50.74318012715561,13,0
296.25841615794826,306.8749082862269,1585.8451116656665,42.24339656778083,68,0
299.2969730319174,308.9418946453074,1476.5379430042585,49.040175547613146,145,0
300.0368367583791,311.58852935924364,1503.8237994960027,37.0251779912615,169,0
303.35287462455057,307.4914211536615,1355.1408585366455,53.119837385739466,56,0
300.6538547475283,310.58711586433327,1470.0323351993213,43.207857259326836,210,0
299.56179894238227,307.2868363907532,1494.9795382958255,41.94051943605874,11,0
301.658811162367,310.9328599648671,1762.0793091029975,27.29938911287968,209,0
295.5777293819842,309.92871703540504,1388.8032974225837,42.869558543017085,16,0
300.47122911621716,306.769736368189,1646.4177238752438,31.680450825055487,29,0
301.54173038777395,312.32947870891434,1599.6858773465808,33.617172734715055,87,0
297.0428275084403,308.5308168464039,1528.0636404490137,31.84624371683879,202,0
302.2875080864139,308.37949512597123,1675.8620484195133,29.33765068100775,98,0
300.6769928149888,310.4011383944619,1537.2105472606863,61.24771403016962,22,0
299.1694241721984,312.29727469885745,1538.9159195667928,53.31339061988403,208,0
301.26556373221257,307.9683563620432,1494.6879346982455,59.20367502144261,128,0
304.5413857156088,310.1233596996959,1622.3568882418626,27.77104980444436,78,0
300.363732510117,310.85763300066117,1609.6469233810883,40.712537499108926,31,0
300.49644117260067,311.38621121452627,1437.4322712503788,27.064923747959043,8,0
299.0812782009195,310.35288311055444,1368.0752805401232,33.04305122802936,14,0
298.3003112610704,309.26594432183333,1479.7019362604342,30.818730165834253,155,0
301.6606716330885,308.34481955870257,1419.9961435602354,52.395840064415616,151,0
298.2878323481823,310.1722877660927,1493.6475425384644,36.0377032189824,187,0
300.1431324744388,307.8557219760288,1623.743813468414,50.68379333694016,162,0
299.0446851064698,304.15729903301076,1454.269834491321,46.04120889588518,213,0
300.9579596514928,310.87311960831533,1495.7176618688425,63.036387521047885,26,0
300.6673242105739,311.8078696821724,1505.8022734808396,25.20555776860276,210,0
302.0750798885158,305.2741351289163,1584.8430882205284,52.59233239786799,108,0
298.9799672022905,307.9805385905801,1275.3110666015396,51.464408704007276,75,0
299.4602501294133,311.2383085220104,1439.3299705234704,30.266211619729653,147,0
298.04247256843536,314.1149909394234,1521.1283692279474,50.0713333647316,64,0
299.1114134798478,310.0415874153508,1620.0078956426862,43.361449630262285,212,0
300.7546009860897,308.54399411754173,1450.8097552493796,37.72523740046592,176,0
301.5139772332907,309.6342071177903,1312.3447293958125,31.760645130280004,108,0
298.15566935164475,312.7497528382964,1561.9711445966136,32.80890548550814,128,0
301.73921184021134,308.7080716417509,1436.4637611174371,60.49812095785926,9,0
302.7112757176099,308.4016159866995,1381.0333340909638,40.006828189574826,46,0
300.8268698064474,309.03451295563593,1437.5654610286776,47.82130001531459,122,0
303.75359162511614,308.09334278348257,1481.547464234415,32.09100618332447,58,0
298.4524216017929,310.24534063198956,1439.5255335461786,32.201470537783614,95,0
297.51069059337715,313.2493569169391,1279.443394290093,50.81984809249942,189,0
296.44255950219144,310.6461585462321,1589.7066196887133,26.504237884484677,102,0
302.9920886229784,309.49529299574743,1627.4875041278722,35.847862320947286,123,0
301.3087313127081,309.4163774621689,1565.1521991339505,40.34027411072232,85,0
299.8888306581791,306.8736183826067,1386.2314329575183,41.11372601840053,145,0
300.55993725263966,311.7662195542943,1479.8508466052483,38.20906714983844,111,0
297.74902190540325,309.8443256059744,1499.3478684770541,43.958197810959234,173,0
304.89150395923366,309.63904017281874,1559.879438956191,46.92855755817811,159,0
300.25844236395045,316.3862151356897,1566.8340488718081,47.3463754545933,26,1
300.2187895892098,310.59750581673137,1426.5826201221505,30.141961913321733,219,0
301.4515332477974,308.4964178998096,1508.199555641356,37.15844902071203,17,0
300.96201846347344,309.1472848075889,1545.7280404615242,51.94762861876938,166,0
300.44776804855826,312.2968914183935,1645.5822322146767,48.94647187573872,176,0
298.41905108910936,310.2265408210755,1570.4506539824724,26.271405485189362,220,0
300.942936714272,307.1234440433653,1578.9056687375519,43.514799003522015,81,0
303.76404899295005,311.83845786915043,1508.3826627929361,20.217747506251897,171,0
302.69084009230994,308.66371182892203,1641.0459145203504,40.469349020603694,71,0
303.1863732532788,313.7465955524351,1540.9762795959498,58.97767016745977,53,0
298.9775686471376,312.16009613142927,1413.8912089826429,30.521072827310135,222,0
298.0207903594828,309.1053562086825,1640.336997012519,31.65676954508418,161,0
299.7484261598007,312.5620327234702,1569.7903272539027,47.640297815728594,70,0
300.1114498245774,310.1357110210548,1455.6955978871517,24.57198484790354,163,0
302.1883830369419,311.70554735024444,1452.0507032600756,33.67244970114961,145,0
296.6150707405704,310.96946563458897,1529.657554514076,45.96441137581753,37,0
303.0591006389212,308.30728669001826,1546.3184795267584,33.65714152310597,186,0
299.683984202842,308.7129003353651,1519.7292265631206,37.640300127890285,136,0
299.14623786010515,312.0599216351623,1531.1308673442884,47.44185710315035,200,0
297.97579124947964,309.3304493357869,1669.9957374576381,44.21546083536561,237,0
296.6902866562685,309.192703073516,1607.1543152234885,42.66818396295402,199,0
301.6463411679238,308.08975484130127,1519.0635591265025,36.60877720729961,178,0
300.14663593437683,310.84719813118693,1594.1310580767483,43.700611152689554,34,0
297.4200782005179,314.1250498384863,1396.747609647246,38.762673199002435,81,0
297.40984245587276,307.8649341714914,1539.792704994681,44.57805609925785,132,0
299.32843060141977,310.04843891334554,1680.930634973311,35.03067974882022,141,0
303.3380430505788,312.82444111083083,1478.1954104607626,38.17431025620459,219,0
299.4808172972728,309.8407172175086,1415.2366071380916,30.10042207447986,157,0
296.9937140937638,310.90474359249947,1434.7911111406938,39.64992389993764,3,0
299.5085138718281,307.87521294370623,1391.036696265761,31.88999136371155,166,0
299.45455286050463,310.8566141944153,1421.5238091872297,28.85953549838007,211,0
294.6062267141169,309.6257114699909,1462.9491901409972,42.586611478553884,191,0
299.8914102669644,311.9714599913597,1359.4432980821357,42.127397758576606,152,0
299.53813093958263,312.3747721031295,1501.5618333949603,47.82873734948573,155,0
301.3924127296268,315.17912728403724,1590.2277173786647,35.68874430424901,203,1
303.6979121898907,311.15926634642716,1409.224381985308,44.08052846836756,193,0
302.2531300590955,310.65159263316434,1651.928392364177,45.50797572273663,234,0
299.46222261889034,310.3887686031547,1551.0792088527594,44.44773807831595,205,0
297.78694818251665,309.2936674143786,1603.0580585624057,31.74346317197858,149,0
305.14671960649974,310.6769676869234,1434.2165446147862,41.49363482271189,158,0
300.118436868029,309.40919717972196,1585.4525227066615,43.641402960546614,22,0
300.0278585838259,310.3369219525392,1390.8066099604687,40.07178466907942,47,0
299.95174982578,312.63519507121595,1589.0247500836508,19.135223416289154,147,0
300.3961695215357,307.98691486944074,1517.183933979353,41.6048962397348,124,0
299.7112791761521,312.2797571222581,1555.3251219984784,62.12531039397242,165,0
298.85267598623955,312.63423013467974,1382.4405394375149,36.39960731243017,54,0
298.9062821175192,309.76386294601787,1410.4930157723395,32.719229021446786,67,0
299.934493459568,305.75629020198284,1559.7228218253385,43.73348559711398,206,0
298.91315045773246,308.7843560258111,1405.1651995775799,43.123782104665715,87,0
298.5743084346457,312.5939890931222,1546.3206292099123,51.92735165416414,216,0
300.2128604553838,309.95426387540226,1363.2862193539754,27.421318440911122,0,0
299.4900455651583,308.00139553541015,1584.8174212666668,47.31380252574992,134,0
303.0079859771654,308.9904501575436,1376.747668523149,45.904220612514635,184,0
294.698060383214,311.6812400530091,1555.2299937679522,38.57853463059454,94,0
302.18301370384495,311.09346713640275,1562.5630933646,43.3868731792169,139,0
302.49217038499523,309.5221358016606,1430.3228181570425,50.29457481598357,105,0
295.8532195351837,309.2663511763706,1558.2026567084727,48.72315380028451,132,0
299.3146248118393,309.21648370191235,1526.0442263333557,28.569806879262714,107,0
299.2571182680084,308.155179631003,1446.115814380726,48.20158186755484,177,0
297.1849766105644,313.23075137893886,1399.1445315923793,39.353113949674814,41,0
298.44436662481826,309.3553590615773,1303.7374308327421,40.72874098015515,101,0
297.77884830906834,312.434317041651,1534.9650047299695,40.73196991001694,123,0
303.5045408868472,313.0426321038449,1343.5197228637944,38.4975701120174,139,0
301.87135678629494,311.9966217962959,1509.5344199441308,51.91707497107065,102,0
302.54311018998834,309.1367593745639,1473.655178391775,39.16282040150788,145,0
301.4433441280865,310.8074601806732,1567.9142775438195,28.804538716168313,193,0
297.74189645756553,309.95160878721816,1469.7954500510136,36.06470144030271,73,0
298.95095946744044,308.1925962785397,1467.055221365291,41.78694716810475,206,0
300.97874912245584,310.6487185634432,1573.1870704288297,52.29214784297051,221,0
297.5557443822161,307.6419204176804,1533.5058029084119,46.03094684948834,107,0
301.42599686034475,312.3753587769231,1531.6155957182777,31.49464721252956,121,0
299.5193492036837,309.0707654054032,1546.9267589808526,64.85189916678891,16,0
299.2503583849008,310.40231931174566,1346.4427876792895,42.6477531097798,195,0
301.421919936407,310.5665757430923,1575.6788679986983,52.753907379990146,70,0
300.88852662297205,309.4821900525918,1561.2468794013603,38.482855664227706,61,0
299.2780676683618,311.1733876029505,1398.3316871423503,45.33359244705449,40,0
302.3186596067285,309.05019268675494,1475.59195263258,48.39468504518405,222,0
297.8378733448002,311.74259459491446,1496.069271237237,52.18194711754256,242,0
301.23187121388855,307.3080406395065,1486.5503215598267,50.57368305378225,246,0
301.18620251593677,310.2527591590928,1533.3859966568534,48.721970000729776,230,0
299.38090712137205,313.87785799811655,1643.1366781831184,36.849132688058916,118,0
300.65226604448424,307.99933735078884,1608.176672767283,34.28253958043938,161,0
297.4977728472294,308.6445100589503,1368.7780806568594,43.326075103241976,197,0
301.8480540384138,311.02781569931784,1562.206999030605,49.33128072341069,241,0
299.630195727114,310.3591635638792,1632.8933319535408,37.77279299223393,229,0
298.9545539589619,310.7012601985471,1538.6808520689203,50.651719657143865,44,0
302.0980184516738,310.9783742602953,1609.0980425185967,54.52616745486179,57,0
298.59131261891446,311.26944293712353,1701.2270445700765,30.836790809265803,178,0
297.1830774072729,312.21939968391246,1602.3709546106982,31.6307929620372,125,0
296.8867416529522,310.819637313857,1524.9308595641728,38.59624941094663,161,0
301.2120199026913,309.5174846907629,1604.5088474084753,43.076126681891964,43,0
297.43914129500746,311.3451474024055,1514.488783309689,34.75432986232949,14,0
303.5095883639687,313.7997638697904,1502.3903043284956,53.52202678867144,77,0
295.83614118423253,309.73473250723487,1464.8585764286267,44.24066861518451,69,0
303.39291273658006,308.0509413906587,1656.3413358832108,40.39447048240739,177,0
300.42203493440525,312.21416133857394,1418.1571334057999,25.640904761314722,100,0
299.8065737762592,309.7592376720928,1653.2367724678115,26.841841835724928,241,0
298.9101618263821,305.6546609079719,1549.9864123740372,42.810092502818065,159,0
300.79827222870415,311.6948433543008,1360.069382519806,18.674043738451637,194,0
299.9247305951503,308.92934362809217,1536.764929299142,50.12637409644071,2,0
302.20660376403305,309.81893343539167,1289.9973492348377,38.418461556276796,213,0
300.2284552973241,310.66396066113805,1562.5508016831036,72.43092969594733,85,0
300.3006035229238,310.38099935955813,1588.523148298899,63.079162506161104,73,0
299.27277557557227,311.4189036342781,1440.7644044347946,38.18550930752483,50,0
299.88610875255785,309.12902725886033,1512.3547695955583,38.93662997468685,66,0
300.6156035377841,311.02621159635214,1695.4157433750286,49.9558151400203,75,0
296.5796632146868,309.48090664483215,1449.4253295738063,57.031726099180375,92,0
297.3036291557886,311.477620961775,1394.1092412943399,23.619709425639833,175,0
301.48652818804544,311.2307349680261,1648.1663402462598,22.136245346453133,144,0
300.3417308762559,308.1291225959108,1696.2587190530794,33.779651944456184,6,0
299.63203332729466,312.1719642323501,1500.3695671847847,45.82737583173864,12,0
300.03686786613076,308.9280731097719,1601.1463035408356,44.968735905075974,119,0
300.69516341072335,311.6161155965623,1634.1475915530882,50.6977145498385,65,0
298.92048063938125,310.73457462680267,1425.7515767461616,28.003024716346918,3,0
298.4433905491954,313.67636735359025,1451.469416463213,16.838561370311233,137,0
300.39169051019536,309.5530680352563,1623.0874513154736,48.58014195302145,230,0
298.04325444476996,309.3013664077636,1668.5014278708509,31.718037270347654,87,0
300.81650551142894,309.96116078822456,1556.2880860174355,19.81512135611362,16,0
296.5948327915243,309.3936404343315,1412.0185646497946,41.450637459593814,51,0
302.05831127465126,311.5998838038841,1698.706111169944,47.931756882186775,133,0
300.9451949648261,306.76737878312684,1446.9029102188035,38.77942867878723,210,0
300.51205946862774,307.8926351617073,1466.4862218828548,35.42151613817511,68,0
301.965381967891,307.8643941568416,1534.2337834489622,38.406377678540935,223,0
303.33094888892515,311.90061518394714,1655.4160420714775,36.29417237599217,201,0
302.0287401300363,313.42122674516384,1585.3975976552224,26.51952888059833,136,0
296.3182515373367,309.79110156292506,1541.4865500361911,32.853193230095684,218,0
297.4408460665286,309.66235655362,1546.3288530118107,45.212799050138145,204,0
298.7503628446086,310.1401043262264,1504.3514668643465,43.216785413765,210,0
300.05218210042165,312.3237566052164,1555.8139514518507,41.6805980596682,20,0
301.03531804093825,308.14529373161884,1247.0439922305698,30.048515181466207,23,0
298.5485123736931,310.47673796546957,1470.3392540930201,38.184968378643326,229,0
300.37353352895417,311.95039525956486,1524.1321934916782,18.22934953557145,3,0
298.4892341352934,311.0021883398797,1384.8985916380493,41.784766638853895,151,0
298.7769643940161,310.37916323319746,1538.632331781156,54.288577078135674,186,0
297.1866778063036,312.0020921851343,1479.5528779013878,25.258678679578942,226,0
298.1535335077782,304.5935354140015,1675.547569831549,34.14072326682245,2,0
297.29663078876735,311.3557506390618,1657.3019725214856,43.2910677871013,67,0
298.04825349404535,308.69184863374517,1453.4194430881837,52.528426344274834,248,0
302.1072835932157,306.3387342062871,1484.9162288433304,35.51775383699851,100,0
298.1012022223361,311.02240519904996,1492.6052434391606,33.077496707341034,167,0
305.2647641296748,312.7473170903259,1454.8340523840377,20.31076857583917,175,0
300.9866358017618,309.7251029707446,1519.5024984028128,41.03438129308106,53,0
300.36967224738976,311.9057490944059,1424.171793111241,60.42076040143744,34,0
298.28328443963755,313.22455651597727,1386.9384665062473,42.77358461964676,222,0
301.400619758818,312.6298289071681,1562.271122390027,39.77721020816287,55,0
298.84872434752447,313.27992905874277,1562.9529584221812,43.22082310766986,107,0
300.24401962929073,311.4842549821438,1419.5684240340008,39.88907996051398,216,0
305.1201690765376,310.1508672778032,1589.53554307626,31.869856277398704,39,0
299.8078802005507,306.79606837620565,1436.842227083467,48.232799156777055,204,0
302.29854665257136,309.5078750237401,1525.3165238037982,42.25761523111754,67,0
298.5936471497482,308.3135068093676,1582.0344012612456,40.176132519336576,45,0
299.93002301900606,314.3418854349956,1496.6387435296288,30.246339727217503,77,0
303.541601271271,309.6482283751353,1545.4740912141135,53.03507931934759,140,0
298.74606588442447,310.24640961356897,1448.3570356112427,46.6470274533311,154,0
303.62489711599386,311.1029707520809,1480.3533416571902,34.47079162632698,5,0
301.4155038709109,310.0872048927449,1479.4140569119659,50.01824853681937,16,0
298.87506644821144,313.3901020808615,1425.3421653459761,35.02429161614793,163,0
301.264815478111,308.7547012765311,1482.322583688422,32.17996507488963,231,0
301.94510889925346,310.3892149104745,1345.1381701136254,32.40296882519713,240,0
301.24361992443437,308.5150588286039,1450.8846252857895,22.289314469119088,98,0
296.8595505602191,307.3599549775586,1471.512450663033,44.71542380418206,80,0
298.54572564835024,308.77646181818943,1474.382024750462,21.6885512166165,232,0
299.504962728897,309.92592640590317,1475.850255412922,27.715561687342372,1,0
299.8511331417999,309.14139555096546,1493.823580013987,19.244119909214668,248,0
301.24134419510136,308.6151580402523,1547.9441518086064,39.13930307209107,76,0
300.3554020018665,307.18736507265635,1587.4517074132523,38.49679539728128,179,0
297.3293112825798,309.83378885474264,1435.0234773151733,36.73303786813636,65,0
300.7603957020119,306.990559251938,1379.6799144610854,29.574223053294237,51,0
301.22117149056766,311.5201119273792,1395.7955587756896,28.2776624656336,91,0
301.1195808958621,310.164879505869,1451.2797078805072,44.64369863546574,170,0
302.16156145110926,307.08489700107015,1464.807868218349,34.494480682915125,217,0
301.6678443090978,309.38158184590026,1423.0003933802543,43.16358321536145,21,0
300.9183601584569,308.4956871888188,1370.3883335750106,31.147513138757773,110,0
299.8596685770827,310.63834902083835,1454.3879172525812,41.81062742771083,106,0
296.67807813296804,312.6809008920463,1518.142662011397,53.032780373160634,182,0
300.85923643826516,306.2496550607085,1559.5029465835564,45.861658003927836,66,0
300.41537537432623,310.2300521582948,1444.257694689168,35.875861817835194,226,0
300.5431576743907,309.6797344088667,1458.7002177856566,42.571989703559275,187,0
297.4465028483594,311.3426801529009,1407.330169115269,37.59334825469787,185,0
297.83788691918346,310.42639325647536,1496.8560829625224,40.07880184694728,139,0
302.1063057066658,308.49606133652236,1415.1571365809186,36.743889478514966,215,0
299.92088969228666,309.36189212866674,1557.31278132412,38.356647941146086,68,0
301.36300139474525,308.40794828639304,1321.4133508065888,42.12093353074175,83,0
300.05663675226094,312.1520142771972,1464.0370327547537,30.066413004180493,102,0
300.05951227899146,310.0426232973439,1530.1107339191742,29.841211730100216,38,0
301.876567611952,313.802381371506,1518.3834516322504,26.114574461687887,12,0
298.96791054356527,309.87867837237076,1769.3033663980495,23.9972889549629,40,0
300.19224155388196,308.5831864661791,1534.9800024567908,27.82717307779521,56,0
299.07544942258994,306.97257121477435,1399.594540315799,41.59462506804129,180,0
299.1310075451354,306.3937206474881,1490.4535752910926,31.07212484508116,236,0
299.3816557530627,306.831728113989,1322.3753666533548,45.13614464231096,11,0
300.4442675432674,310.534253302023,1491.9400250703238,40.34713748752562,12,0
299.04250275667306,311.0174500464599,1416.6943942999242,20.314957865619462,119,0
302.51151225114705,306.83761859593574,1591.5390275560162,46.549755842216896,201,0
298.210785395561,311.79007662815224,1445.0459725404464,48.1079864559171,96,0
299.6262567116773,309.0338778966331,1488.3234084204753,30.061373251651467,56,0
299.1205378834517,310.2935860239711,1436.4442158595596,44.20191542894992,39,0
302.8939557687075,313.22444125651083,1673.8851351853332,31.43501762590801,117,0
300.3931095530231,311.79367863173104,1467.8757233882088,40.97670376748336,79,0
302.0636890789373,309.46293870418833,1683.25570434792,27.355015930450342,127,0
297.02887925392605,308.2176155491694,1581.4151762118267,22.068935474654232,172,0
300.53410053173855,305.69636919734137,1548.2066727335387,36.17182810387031,34,0
301.7792615912469,308.56169336151515,1536.873314731752,38.762710537251635,2,0
300.16456797855085,309.5777395223446,1539.3797298216252,36.02320306385396,119,0
302.1309607501307,308.02564094569766,1307.232742065439,28.159694417774404,4,0
298.96542309979924,309.7374860658154,1472.1116605849243,36.00100937868863,217,0
302.81869488037114,310.15370376591756,1584.5157971184321,42.69294752580734,10,0
304.5977962472385,309.55028803638385,1495.1102816525895,39.55106969877463,125,0
299.2743228791207,308.69999483835306,1359.4810153196424,41.82501030599214,70,0
299.10899495719843,310.33730934393344,1494.759554942253,33.29884799545767,116,0
302.9067689542354,310.8838812991388,1670.410551625549,51.717179147161595,183,0
303.1591442914614,307.8192018451143,1624.6891715534719,28.238266634452195,137,0
298.9542799456935,312.82186475949254,1493.7995990633967,44.875602970867185,105,0
299.15962636580826,309.8028237354315,1595.1449277058086,51.81891092959962,115,0
299.436430782279,310.0376992458897,1463.3492979631949,44.80908092748896,161,0
297.31109897793147,311.4164288465131,1329.612841317328,37.9747577293517,66,0
298.1626961070316,310.466432262527,1407.5534011870445,34.71702953337021,199,0
297.99171846649585,311.90627326782646,1656.2888768508199,50.36087651046256,30,0
298.46440486979174,310.57424833040363,1472.6006918170697,25.77025074738327,74,0
299.9306302252264,308.7751252507191,1475.661602062498,30.298757396203563,236,0
300.46842946507303,310.7230070504122,1470.016180372512,36.02442234508278,70,0
303.10100098562816,307.71254758535866,1690.4136589573006,52.37653757511998,236,0
298.0032919185224,310.217119411553,1662.5958915362064,43.79767636040896,65,0
301.9686447969532,309.9335400187111,1721.8780233448133,30.319542414897548,69,0
299.572022311549,309.58376628545494,1484.0954789599948,36.896922946150966,40,0
299.90107258069514,309.74292497712213,1529.5624488747096,33.85676855903706,190,0
301.3496389843332,306.23630190900474,1348.3357450579208,32.90211007766465,159,0
297.7545559568754,308.9025501845181,1647.6934426118273,49.78889558556779,19,0
300.7648194923681,310.18568980228224,1383.2220448732064,26.282568707364945,184,0
300.3329044164261,310.3197127839948,1521.6775563762628,56.087808557343735,225,0
300.9849025280163,307.94464971814807,1390.2697472367156,48.28229690184623,177,0
300.57833728781566,312.5314156817294,1441.1133173261303,50.90861670603698,207,0
304.9106002798218,308.267650303571,1416.27375689503,35.37060487974742,152,0
298.7245200314974,311.93891440105347,1439.212473932418,38.500592809208904,139,0
298.93800608999635,310.8543887237434,1446.0877296851022,25.66848185475288,198,0
298.75371894715045,308.7075453803124,1445.1731205074923,34.753375929331966,38,0
298.8890457616795,313.55062178521905,1583.3333911780308,44.93654847643151,144,0
298.725225745387,307.612726336487,1389.513720693748,52.96063061781396,44,0
302.3780330622151,311.83830834722,1522.0541427013866,28.928431831975484,138,0
302.84100849597974,312.00116463608595,1621.795915230556,36.34494063014734,69,0
298.85850741250107,308.6587595818467,1448.6803635486604,38.48700779767478,124,0
298.33528885379155,312.78493060012863,1428.20811092524,26.042107978075148,150,0
300.9428311127728,309.4999069708021,1476.947537481975,45.913492417584,90,0
298.89555391143807,310.5773872585597,1617.972520836071,32.76009668257391,237,0
301.26586363551104,310.52064367754247,1519.4107630953358,38.04609648822976,69,0
300.4058460417026,309.73138251705893,1446.8785705392402,35.48050628088122,165,0
296.96851177000553,311.62161654631956,1548.387665118804,32.106614942803255,129,0
303.09501040266014,311.5869774411044,1389.7707850163576,39.929550145194455,213,0
303.59175534619106,306.5029360535236,1568.1359510442949,37.84390421431978,83,0
298.7744226190312,312.6086804857563,1540.8607307701768,36.281421177213346,88,0
299.22459688012805,306.67501602392866,1469.2191528861115,32.71538378319657,78,0
300.5717307814498,312.0650924086833,1416.1414201552768,43.195246707829554,112,0
300.66891357997406,312.25341027365516,1411.3319077716542,56.536172684922846,92,0
301.31708854534565,307.8180671395696,1553.481733634591,41.39887232839127,71,0
304.0204090775327,309.1783714240908,1622.8980502489062,49.96118214911129,164,0
299.6461055450119,307.7885906630281,1436.2692252971206,26.097780748465375,48,0
298.4034055109231,309.57015793942253,1545.8386703551485,41.5776143929377,51,0
297.2413615439709,309.3839314316285,1291.2972981397932,29.026316810289334,32,0
298.5381399201162,311.55932106453866,1441.5382269342801,25.230750724680988,21,0
299.9337460542524,312.6206174922392,1496.89410671291,32.60628592540964,113,0
303.58911572703556,312.7913676215799,1409.0316583018166,51.91899334413573,238,0
298.9647774019277,308.8756639468434,1406.3493625210403,49.500158286696454,132,0
300.4475759032778,309.58155625251095,1433.2220443531114,42.430047220544,230,0
299.9671542078545,306.6331236155581,1529.2192728326372,24.67299440110069,17,0
302.37678654689614,308.3882598670076,1481.2670981593626,38.03719348612063,165,0
305.0538648517472,311.9297032661949,1276.1768766675027,43.01700008901736,117,0
298.93826245415937,313.2311656470965,1287.9299847364935,41.75536229578598,116,0
299.02112111496353,307.53130225624017,1439.3134822142824,21.56206416519254,36,0
302.0883217541381,308.8150714816942,1545.7686586053553,31.09682151980128,221,0
301.3637829792526,309.94718848608215,1225.2495157274766,39.35922235851283,242,0
303.69341465147204,310.5603223176392,1450.0269823848369,45.3629090951719,222,0
301.1678563706519,308.3807929601567,1447.375214348258,18.038721789000537,63,0
299.2814158184259,310.84812208892816,1638.8337778208447,38.37876024520141,137,0
301.1813096613846,309.0523213058582,1461.4978188287137,41.43048769878952,78,0
302.2174071611658,309.97109545824344,1538.2988984740928,48.49611988516213,169,0
301.64096436239475,311.0925684960074,1514.1257140087464,46.928575842374364,122,0
301.0145480622146,310.0128445396219,1286.94335201928,45.82571318808805,175,0
302.1333493791783,309.12722821894687,1576.8207216631738,32.00059493298066,43,0
302.33859118089134,309.78078039214836,1521.5396505456288,20.919978628766923,81,0
302.76431798207506,309.8232740815893,1550.8268639674588,36.06947242938599,86,0
301.29741977517926,309.25997794023573,1892.6237706436327,50.0163182520856,224,0
299.66576383936626,309.4824078746658,1291.5887060501411,53.93454527524432,15,0
300.29342737286663,313.1972943410094,1672.4696649761108,47.10549102297785,53,0
302.4130179330167,311.1218388958825,1471.2552480599645,44.29340822801734,101,0
298.3661286580255,309.4090393639417,1528.732890440301,43.79639648385965,162,0
300.7373466177458,311.39390880902147,1495.4487754698757,34.43881253239219,97,0
299.2133223753453,309.332361020488,1457.5763666601956,38.6993970644638,155,0
300.0574896458696,312.3462492751733,1443.016707176124,56.69069525826331,1,0
302.5569037252146,310.73928438439617,1532.9508735573008,30.574419942081235,93,0
300.3821981360398,309.78539571199155,1348.282630332832,56.14778790709852,140,0
300.0928730963123,310.89543385162057,1575.0579167521767,36.77971845507942,168,0
297.28028771804014,306.858247695863,1458.3805595114745,53.25432109095078,207,0
301.4925071320544,307.7464650621804,1386.9930660959642,25.931849905024617,58,0
301.2909683622822,307.6121499872019,1454.9987142004186,45.859042011646494,68,0
304.32650944661094,310.2858861895274,1625.7149216862572,32.63229864052378,118,0
299.384443530094,313.4650299989702,1446.4664912983776,25.847328080758125,91,0
300.43830065532785,314.4626002923853,1535.8453618209621,42.185340424109455,180,0
300.4987673674215,311.27610220288153,1426.9043724284527,50.09471788595969,230,0
303.1549065595269,311.0016889498889,1575.7921849923619,31.550585614065035,44,0
299.8094089352261,306.3978845316945,1568.5507738790204,25.00984039541599,147,0
300.55804305154066,308.91465240053196,1684.8608833296412,39.08155235665045,23,0
301.2157930194331,308.4244324961835,1482.4436054500784,39.12564671222819,188,0
300.3732182463127,308.75830480349777,1566.8654804757907,45.483196275544984,90,0
299.10713277089894,309.66371236283044,1509.8067539538945,49.495945713644886,93,0
300.3881799857966,309.05581884460577,1629.5871781863013,39.40584818727506,57,0
302.14726349971954,306.04140037924844,1428.1167612391268,58.55503314794263,236,0
297.94696940117785,311.49582051223507,1574.500531287728,42.24234744535292,154,0
300.2659393482937,307.8545139485204,1480.530270388332,36.535734939931004,153,0
298.59975837012166,310.4784937282223,1493.5811822891503,23.88432640897172,127,0
302.3900932578497,314.14816533949994,1509.1752484448373,37.37340479683832,6,0
296.95362619043243,308.1612308168271,1525.2240396426678,36.63613054588864,169,0
298.8821563054568,304.93942495450733,1488.3770956878043,49.6030479628147,46,0
300.75442375012904,309.42799155623976,1521.4713183170527,44.62483624066854,52,0
303.1310480584687,312.2019192699971,1657.8118057562185,28.206308783673826,186,0
299.868499477854,313.9166949084412,1598.5449685615217,41.72254386411038,37,0
298.8896009466136,307.5409008110952,1586.9154592496895,46.71531171729053,196,0
303.76231413888115,310.99339844647307,1454.446047397613,55.280313593878326,214,0
297.1039721991675,309.0693790864399,1411.0759171771676,48.875039674140595,219,0
295.60238808675985,309.78810329139174,1595.5300558237752,47.60846654311478,225,0
300.88002890010665,315.2886866940341,1587.6046792529794,40.60085994615164,52,1
298.9958915512948,306.9940593432097,1647.2670675750983,43.883120054234496,142,0
297.9575343657386,310.5074793229891,1439.601937403077,52.49504900706159,223,0
301.41671289459873,310.93538634353087,1477.0451344639653,26.672226025203503,153,0
300.4876014275424,312.17157264987867,1336.0515837474566,36.50560672783044,47,0
298.87184273852654,310.1959663069418,1460.7528893939127,32.27431251243759,94,0
297.4393912026582,310.6161010790082,1599.6570510579447,43.79153118726124,146,0
301.7449146565603,309.21670286515644,1453.3504620771803,52.302221756507876,136,0
301.3004023559173,310.5382538824902,1564.0479795200824,34.03025713278926,63,0
299.80164827244124,309.31361544900517,1480.9496894002189,16.09695632530562,92,0
303.6932739920953,311.2431437797121,1532.4057028221562,35.8777925497553,181,0
297.8598304673477,309.26077932791276,1385.2308610184332,49.13473732017407,124,0
296.9489496581505,310.7542007878044,1508.52094496339,45.376299029498796,249,0
298.6161838602375,309.94147437263007,1200.8864029099277,44.281862478105765,178,0
299.908827967289,312.25210050154436,1481.3103841838015,37.200066981255205,38,0
300.4866788986454,309.897212552823,1336.952675628486,27.209692637802135,3,0
299.51752788428735,306.45393506358624,1620.5994516546816,45.15294321624467,125,0
300.7041107930286,312.52384300142796,1577.7407352764512,31.65718189965375,2,0
297.4969211516191,308.1885353982748,1546.667098196608,61.840967333804564,247,1
302.88752920814653,308.6924673227024,1652.100622715938,45.70507208354516,63,0
299.83569764321487,308.80867741191304,1405.1083479175163,34.19351697446049,28,0
302.2345916631763,312.74887618634165,1674.7363197915558,33.88614752611372,115,0
300.6854506927554,305.7286515720426,1593.2191564260386,39.070557933864116,10,0
300.9135064383076,316.27549706732,1476.3444712781054,37.6049807797825,96,1
301.1395345604644,312.1121136181321,1613.5620147182944,51.16833775529955,101,0
300.8954171200346,310.4464778282583,1389.3706487588365,41.864161697440466,185,0
301.2854455197351,309.8902119987674,1417.5485838472327,32.683682610914715,202,0
302.65830506026487,310.5711081497153,1439.14102767603,58.90440685155782,154,0
300.39304233940294,311.04224485675866,1447.1022291935985,40.49308331520223,224,0
301.418007515177,311.29043117190014,1394.3442357239746,47.68839675968897,20,0
299.8205286114256,311.1112089320069,1622.3083067095324,33.91773492555241,38,0
302.88023443089895,310.1791613625105,1474.1145599630167,43.631156277445236,222,0
298.64721539588146,309.60532315938536,1535.250496835688,43.11109991143195,101,0
303.6018808658216,309.69745343269295,1442.9648633586319,21.103507079038472,45,0
299.9196840987113,309.61018343929464,1317.9396699451484,60.1527511046064,65,0
297.1384497957639,312.26754019373413,1527.0057358391423,52.906444609225474,90,0
300.25620882982156,311.1871134445617,1308.7745024580222,36.02804683854012,163,0
298.63789668505024,304.1192227306714,1493.136595391453,28.977302595441444,202,0
301.6812870979775,311.3118015530595,1363.1684961167189,43.47561613803552,110,0
298.6947520413952,310.38947238943757,1698.7275999230808,40.86697699414397,81,0
299.10763313357046,309.9625824871082,1591.1362722174722,43.55668948563229,122,0
296.22091853810895,309.2229630938222,1510.5753791271482,41.91577396194089,192,0
299.0953873615018,312.24822543997203,1626.3706677654668,45.06240989305926,190,0
295.1522413467421,311.8950529242457,1415.3684022534264,54.473056993918064,98,0
296.83219435302857,308.45424466435276,1554.3479378670093,45.681032051286465,34,0
301.5208293122886,310.8141045742491,1519.9810433718712,29.503445010900588,158,0
301.57160031730166,308.05668653091743,1526.402008133367,53.62562852712452,155,0
300.8509151235699,307.24076367042215,1627.2353500106767,56.406145634882876,102,0
298.06604771374157,308.7465655508201,1573.2492102779802,71.52056734512085,128,0
299.90457728771605,311.7247869447655,1528.8723662825023,28.76505966760402,24,0
299.99279492181887,311.90625009075217,1334.5112563771704,42.42882013150275,42,0
297.6832706216149,311.0261708401946,1403.9953704720535,19.17901296811013,229,0
303.0067966035343,311.450191573696,1487.7291066404275,45.53149156379209,83,0
301.7547245811513,311.03235657422994,1509.337237427665,34.517997018332274,194,0
299.5580716523407,308.7170368095541,1386.9796275326075,59.23445794824953,190,0
300.05377167798906,310.8638450893479,1741.1676675578422,32.25385029981418,50,0
300.4167656158951,311.60081905045536,1651.6394055253572,23.108169620327384,129,0
295.9165302631514,311.50858265962717,1560.2118320392483,35.2873625929748,209,0
299.5056452349588,312.3778267429493,1507.2036861283746,20.245122287828625,125,0
298.6360315040044,311.4166076944021,1478.779103009885,47.5109945450731,235,0
297.9967599802102,310.70289641508316,1404.8081539977763,19.349169537436794,191,0
299.4377994142281,312.14030047663283,1507.7480518518862,40.28457581183159,201,0
303.59537305369906,309.9469574815019,1525.775254014275,19.22188180143803,68,0
301.281685722534,308.23625069754456,1375.8239424518376,36.79702195463358,8,0
298.8576420204344,309.67386607211245,1533.4176417244898,56.43378155804534,1,0
301.1451655627123,308.5101947103871,1484.4740951175252,43.60647891435795,161,0
